股票代码,股票简称,最新价,最新涨跌幅,涨停[20250624],首次涨停时间[20250624],最终涨停时间[20250624],涨停明细数据[20250624],连续涨停天数[20250624],涨停原因类别[20250624],涨停封单量[20250624],涨停封单额[20250624],涨停封单量占成交量比[20250624],涨停封单量占流通a股比[20250624],涨停开板次数[20250624],a股市值(不含限售股)[20250624],几天几板[20250624],涨停类型[20250624],market_code,code
002357.SZ,富临运业,9.56,10.01150748,涨停, 09:30:45, 10:29:54,"[{""code"":""002357.SZ"",""time"":1750728645000,""openTime"":1750731096000,""duration"":2448000,""updatedTime"":1750731096000,""firstVol"":4.25441E7,""highestVol"":4.25441E7,""firstVolDivLTGB"":0.13571647465954734,""firstVolDivVol"":10.219086,""highestVolDivLTGB"":0.13571647465954734,""highestVolDivVol"":10.219086},{""code"":""002357.SZ"",""time"":1750732194000,""openTime"":null,""duration"":741000,""updatedTime"":1750732935000,""firstVol"":2.878889E7,""highestVol"":3.002879E7,""firstVolDivLTGB"":0.09183709750967808,""firstVolDivVol"":0.792955,""highestVolDivLTGB"":0.09579240169828174,""highestVolDivVol"":0.824726}]",1,一季报增长+交旅融合+网约车,15789490,150946568.4,41.85880962478316,5.036876839496371,1,2996847600.000,首板涨停,放量涨停,33,002357
002976.SZ,瑞玛精密,26.39,10.004168404,涨停, 09:30:03, 09:30:03,"[{""code"":""002976.SZ"",""time"":1750728603000,""openTime"":null,""duration"":4329000,""updatedTime"":1750732932000,""firstVol"":614800.0,""highestVol"":7343867.0,""firstVolDivLTGB"":0.009427098307553715,""firstVolDivVol"":0.653056,""highestVolDivLTGB"":0.11260793130546451,""highestVolDivVol"":4.886942}]",1,股权收购+特斯拉+智能座舱,4808207,126838441.73,185.4078933009629,7.372713089145727,0,1721056800.000,首板涨停,放量涨停,33,002976
301398.SZ,星源卓镁,39.49,19.99392282,涨停, 10:29:18, 10:29:18,"[{""code"":""301398.SZ"",""time"":1750732158000,""openTime"":null,""duration"":771000,""updatedTime"":1750732929000,""firstVol"":1.896992E7,""highestVol"":1.966408E7,""firstVolDivLTGB"":0.5669432157800358,""firstVolDivVol"":2.492894,""highestVolDivLTGB"":0.5876891811117753,""highestVolDivVol"":2.375911}]",1,其它,12160080,480201559.2,134.60145667483238,36.3421398684997,0,1321335400.000,首板涨停,放量涨停,33,301398
001236.SZ,弘业期货,10.92,9.96978852,涨停, 10:03:12, 10:03:12,"[{""code"":""001236.SZ"",""time"":1750730592000,""openTime"":null,""duration"":2343000,""updatedTime"":1750732935000,""firstVol"":8.57059E7,""highestVol"":9.1605813E7,""firstVolDivLTGB"":0.2625506694035899,""firstVolDivVol"":4.650095,""highestVolDivLTGB"":0.2806244088727856,""highestVolDivVol"":4.752032}]",1,期货+一季报增长+江苏国资,36840000,402284064,135.97915901614724,11.285531872167788,0,3564677400.000,首板涨停,缩量涨停,33,001236
834475.BJ,三友科技,25.22,30,涨停, 09:38:02, 09:38:02,"[{""code"":""834475.BJ"",""time"":1750729082000,""openTime"":null,""duration"":3852000,""updatedTime"":1750732934000,""firstVol"":449902.0,""highestVol"":4845292.0,""firstVolDivLTGB"":0.010699250841738832,""firstVolDivVol"":0.077136,""highestVolDivLTGB"":0.11522730396724269,""highestVolDivVol"":0.630424}]",1,无人驾驶+战略转型+智能装备创新,3689939,93110701.58,44.3579856813902,8.77515168897114,0,1060497470.000,首板涨停,放量涨停,151,834475
300462.SZ,华铭智能,14.17,19.983065199,涨停, 09:35:00, 09:35:18,"[{""code"":""300462.SZ"",""time"":1750728900000,""openTime"":1750728912000,""duration"":9000,""updatedTime"":1750728912000,""firstVol"":5.5866E7,""highestVol"":5.5866E7,""firstVolDivLTGB"":0.40857307808824983,""firstVolDivVol"":3.036673,""highestVolDivLTGB"":0.40857307808824983,""highestVolDivVol"":3.036673},{""code"":""300462.SZ"",""time"":1750728918000,""openTime"":null,""duration"":4011000,""updatedTime"":1750732929000,""firstVol"":4.27338E7,""highestVol"":4.97515E7,""firstVolDivLTGB"":0.3125314181149116,""firstVolDivVol"":1.902374,""highestVolDivLTGB"":0.3638550011546837,""highestVolDivVol"":2.008546}]",1,数字货币+AFC系统+亏损收窄,21705663,307569244.71,71.46602885993583,15.874323459449815,1,1937526600.000,首板涨停,放量涨停,33,300462
603657.SH,春光科技,36.4,10.003022061,涨停, 09:43:20, 09:43:20,"[{""code"":""603657.SH"",""time"":1750729400000,""openTime"":null,""duration"":3534000,""updatedTime"":1750732934000,""firstVol"":5269420.0,""highestVol"":5269420.0,""firstVolDivLTGB"":0.03897786856355183,""firstVolDivVol"":1.624709,""highestVolDivLTGB"":0.03897786856355183,""highestVolDivVol"":1.624709}]",1,扫地机器人+小米概念+一季报扭亏,1378660,50183224,33.02765040989301,1.0198679562586153,0,4920917800.000,首板涨停,缩量涨停,17,603657
603800.SH,洪田股份,26.04,10.012674271,涨停, 09:40:29, 10:14:50,"[{""code"":""603800.SH"",""time"":1750729229000,""openTime"":1750730237000,""duration"":1005000,""updatedTime"":1750730237000,""firstVol"":1.196901E7,""highestVol"":1.209841E7,""firstVolDivLTGB"":0.057543317307692306,""firstVolDivVol"":2.569676,""highestVolDivLTGB"":0.05816543269230769,""highestVolDivVol"":2.59217},{""code"":""603800.SH"",""time"":1750730312000,""openTime"":1750730352000,""duration"":36000,""updatedTime"":1750730352000,""firstVol"":7981000.0,""highestVol"":8171300.0,""firstVolDivLTGB"":0.03837019230769231,""firstVolDivVol"":0.911027,""highestVolDivLTGB"":0.03928509615384616,""highestVolDivVol"":0.931336},{""code"":""603800.SH"",""time"":1750730969000,""openTime"":1750731020000,""duration"":48000,""updatedTime"":1750731020000,""firstVol"":1010433.0,""highestVol"":8757000.0,""firstVolDivLTGB"":0.004857850961538461,""firstVolDivVol"":0.08382,""highestVolDivLTGB"":0.04210096153846154,""highestVolDivVol"":0.72633},{""code"":""603800.SH"",""time"":1750731290000,""openTime"":null,""duration"":1644000,""updatedTime"":1750732934000,""firstVol"":4249900.0,""highestVol"":4603800.0,""firstVolDivLTGB"":0.020432211538461538,""firstVolDivVol"":0.320215,""highestVolDivLTGB"":0.022133653846153845,""highestVolDivVol"":0.346684}]",1,固态电池+复合集流体设备+海外拓展,1840200,47918808,13.580672493470361,0.8847115384615384,3,5416320000.000,首板涨停,放量涨停,17,603800
300533.SZ,冰川网络,32.51,20.007382798,涨停, 10:23:12, 10:23:12,"[{""code"":""300533.SZ"",""time"":1750731792000,""openTime"":null,""duration"":1140000,""updatedTime"":1750732932000,""firstVol"":3.7664444E7,""highestVol"":3.8704644E7,""firstVolDivLTGB"":0.22829763050776847,""firstVolDivVol"":0.886771,""highestVolDivLTGB"":0.2346026537613755,""highestVolDivVol"":0.903978}]",1,网络游戏+一季报扭亏+新产品推进,23092394,750730477.94,51.009387471250555,13.997123740766781,0,5363485700.000,首板涨停,放量涨停,33,300533
002537.SZ,海联金汇,10.42,10.031678986,涨停, 09:33:48, 09:33:48,"[{""code"":""002537.SZ"",""time"":1750728828000,""openTime"":null,""duration"":4107000,""updatedTime"":1750732935000,""firstVol"":9.11341E7,""highestVol"":1.359503E8,""firstVolDivLTGB"":0.07794570636003688,""firstVolDivVol"":0.882636,""highestVolDivLTGB"":0.11627636815811998,""highestVolDivVol"":1.267985}]",2,第三方支付（业务拟转让）+汽车零部件+投资进展,73803029,769032772.18,63.59010737421021,6.31226865346263,0,12183061300.000,2天2板,缩量涨停,33,002537
002670.SZ,国盛金控,13.16,10.033444816,涨停, 09:42:57, 09:50:03,"[{""code"":""002670.SZ"",""time"":1750729377000,""openTime"":1750729422000,""duration"":42000,""updatedTime"":1750729422000,""firstVol"":8.65881E7,""highestVol"":1.016314E8,""firstVolDivLTGB"":0.05333912353035124,""firstVolDivVol"":2.39747,""highestVolDivLTGB"":0.0626059446871168,""highestVolDivVol"":2.706256},{""code"":""002670.SZ"",""time"":1750729440000,""openTime"":1750729455000,""duration"":12000,""updatedTime"":1750729455000,""firstVol"":7.73703E7,""highestVol"":7.73703E7,""firstVolDivLTGB"":0.04766086782456636,""firstVolDivVol"":1.644397,""highestVolDivLTGB"":0.04766086782456636,""highestVolDivVol"":1.644397},{""code"":""002670.SZ"",""time"":1750729803000,""openTime"":null,""duration"":3132000,""updatedTime"":1750732935000,""firstVol"":8.3617494E7,""highestVol"":9.7937194E7,""firstVolDivLTGB"":0.051509200938286016,""firstVolDivVol"":1.157596,""highestVolDivLTGB"":0.060330277358920846,""highestVolDivVol"":1.35374}]",1,证券公司+国企改革+一季报增长,43962152,578462960.32,52.80759087094662,2.708111918598604,2,21363294000.000,首板涨停,放量涨停,33,002670
600592.SH,龙溪股份,22.78,9.995171415,涨停, 10:33:44, 10:33:44,"[{""code"":""600592.SH"",""time"":1750732424000,""openTime"":null,""duration"":510000,""updatedTime"":1750732934000,""firstVol"":2016100.0,""highestVol"":1.32094E7,""firstVolDivLTGB"":0.005045881569658153,""firstVolDivVol"":0.095587,""highestVolDivLTGB"":0.03306039780082456,""highestVolDivVol"":0.621578}]",1,关节轴承+人形机器人+军工+国企改革,5488100,125087258,22.214171800497056,1.3735579903001294,0,9101830300.000,首板涨停,放量涨停,17,600592
002703.SZ,浙江世宝,12.74,10.017271157,涨停, 09:25:00, 09:25:00,"[{""code"":""002703.SZ"",""time"":1750728300000,""openTime"":null,""duration"":4371000,""updatedTime"":1750732932000,""firstVol"":4.40205E7,""highestVol"":4.5974228E7,""firstVolDivLTGB"":0.07511414498736156,""firstVolDivVol"":8.534578,""highestVolDivLTGB"":0.07844787832200947,""highestVolDivVol"":4.816591}]",1,无人驾驶+汽车转向系统+一季报增长,29083178,370498029.72,197.4763675543486,4.962592539805873,0,7466252500.000,首板涨停,一字涨停||缩量涨停,33,002703
600095.SH,湘财股份,9.09,10.04842615,涨停, 10:13:02, 10:31:53,"[{""code"":""600095.SH"",""time"":1750731182000,""openTime"":1750731827000,""duration"":642000,""updatedTime"":1750731827000,""firstVol"":1206003.0,""highestVol"":1.029959E8,""firstVolDivLTGB"":4.217991640991726E-4,""firstVolDivVol"":0.008652,""highestVolDivLTGB"":0.036022783132083395,""highestVolDivVol"":0.707372},{""code"":""600095.SH"",""time"":1750732313000,""openTime"":null,""duration"":621000,""updatedTime"":1750732934000,""firstVol"":4.20011E7,""highestVol"":5.5629674E7,""firstVolDivLTGB"":0.014689871311469175,""firstVolDivVol"":0.225482,""highestVolDivLTGB"":0.019456460715528465,""highestVolDivVol"":0.29773}]",1,其它,34547200,314090406,17.587156399099978,1.2082872166957244,1,25990017000.000,首板涨停,放量涨停,17,600095
002542.SZ,中化岩土,3.41,10,涨停, 10:17:12, 10:17:12,"[{""code"":""002542.SZ"",""time"":1750731432000,""openTime"":null,""duration"":1500000,""updatedTime"":1750732932000,""firstVol"":1.7646252E8,""highestVol"":1.8972982E8,""firstVolDivLTGB"":0.10033997262862894,""firstVolDivVol"":1.722754,""highestVolDivLTGB"":0.10788401381570827,""highestVolDivVol"":1.845883}]",1,机场工程+低空经济+融资计划+云计算+国企,87863753,299563224.73,71.93176539316394,4.996101478698487,0,5996983800.000,首板涨停,放量涨停,33,002542
002263.SZ,大东南,2.82,10.15625,涨停, 09:53:36, 09:53:36,"[{""code"":""002263.SZ"",""time"":1750730016000,""openTime"":null,""duration"":2916000,""updatedTime"":1750732932000,""firstVol"":1.350378E8,""highestVol"":1.507409E8,""firstVolDivLTGB"":0.07189190101435566,""firstVolDivVol"":8.31186,""highestVolDivLTGB"":0.08025197286696678,""highestVolDivVol"":9.212133}]",1,新能源汽车电容+电容膜规模化+国企改革,52042000,146758440,122.33357607920443,2.7706303809667348,0,5296933200.000,首板涨停,放量涨停,33,002263
003029.SZ,吉大正元,28.78,10.01529052,涨停, 09:25:00, 09:25:00,"[{""code"":""003029.SZ"",""time"":1750728300000,""openTime"":null,""duration"":4374000,""updatedTime"":1750732932000,""firstVol"":3.36773E7,""highestVol"":3.36773E7,""firstVolDivLTGB"":0.19712478989644622,""firstVolDivVol"":53.575087,""highestVolDivLTGB"":0.19712478989644622,""highestVolDivVol"":53.575087}]",2,数字货币+跨境支付+蚂蚁金服概念+量子科技,21563800,620611920,974.8553345388789,12.62203188607456,0,4916848300.000,2天2板,一字涨停||缩量涨停,33,003029
300399.SZ,天利科技,29.68,20.016174687,涨停, 10:02:03, 10:09:51,"[{""code"":""300399.SZ"",""time"":1750730523000,""openTime"":1750730571000,""duration"":45000,""updatedTime"":1750730571000,""firstVol"":4.32483E7,""highestVol"":4.66371E7,""firstVolDivLTGB"":0.2188892666529086,""firstVolDivVol"":2.363798,""highestVolDivLTGB"":0.23604073727333474,""highestVolDivVol"":2.512774},{""code"":""300399.SZ"",""time"":1750730607000,""openTime"":1750730685000,""duration"":75000,""updatedTime"":1750730685000,""firstVol"":2.89161E7,""highestVol"":3.834863E7,""firstVolDivLTGB"":0.14635081433171176,""firstVolDivVol"":1.159938,""highestVolDivLTGB"":0.19409094687753575,""highestVolDivVol"":1.469073},{""code"":""300399.SZ"",""time"":1750730991000,""openTime"":null,""duration"":1941000,""updatedTime"":1750732932000,""firstVol"":3.266425E7,""highestVol"":3.616815E7,""firstVolDivLTGB"":0.16532103523762248,""firstVolDivVol"":0.892949,""highestVolDivLTGB"":0.18305505256142773,""highestVolDivVol"":0.976064}]",1,互联网保险+一季报扭亏+国企改革,19568500,580793080,47.987192494571104,9.904053140811179,2,5864195900.000,首板涨停,放量涨停,33,300399
603948.SH,建业股份,23.73,10.013908206,涨停, 09:25:01, 09:39:22,"[{""code"":""603948.SH"",""time"":1750728301000,""openTime"":1750728724000,""duration"":147000,""updatedTime"":1750728724000,""firstVol"":2.17752E7,""highestVol"":2.22296E7,""firstVolDivLTGB"":0.13401016450530515,""firstVolDivVol"":42.20818,""highestVolDivLTGB"":0.13680665862481775,""highestVolDivVol"":32.063465},{""code"":""603948.SH"",""time"":1750728769000,""openTime"":1750729090000,""duration"":318000,""updatedTime"":1750729090000,""firstVol"":755850.0,""highestVol"":4257050.0,""firstVolDivLTGB"":0.004651694718823932,""firstVolDivVol"":0.084221,""highestVolDivLTGB"":0.026198977313976874,""highestVolDivVol"":0.452352},{""code"":""603948.SH"",""time"":1750729126000,""openTime"":1750729156000,""duration"":27000,""updatedTime"":1750729156000,""firstVol"":672800.0,""highestVol"":672800.0,""firstVolDivLTGB"":0.004140583722729036,""firstVolDivVol"":0.052365,""highestVolDivLTGB"":0.004140583722729036,""highestVolDivVol"":0.052365},{""code"":""603948.SH"",""time"":1750729162000,""openTime"":null,""duration"":3771000,""updatedTime"":1750732933000,""firstVol"":26100.0,""highestVol"":2414800.0,""firstVolDivLTGB"":1.6062609269207467E-4,""firstVolDivVol"":0.001968,""highestVolDivLTGB"":0.014861298415050647,""highestVolDivVol"":0.171236}]",3,半导体材料+电子化学品+精细化工,2167700,51439521,15.241050391509447,1.3341197078079672,3,3855867900.000,3天3板,放量涨停,17,603948
002759.SZ,天际股份,9.45,10.011641444,涨停, 09:51:33, 09:51:33,"[{""code"":""002759.SZ"",""time"":1750729893000,""openTime"":null,""duration"":3039000,""updatedTime"":1750732932000,""firstVol"":8.2703877E7,""highestVol"":8.8548977E7,""firstVolDivLTGB"":0.16505384785019347,""firstVolDivVol"":2.359373,""highestVolDivLTGB"":0.17671903551810858,""highestVolDivVol"":2.473772}]",1,固态电池+锂电池+磷化工,30486577,288098152.65,68.85728100017023,6.084269594315643,0,4735131300.000,首板涨停,放量涨停,33,002759
002148.SZ,北纬科技,7.41,9.940652819,涨停, 10:23:15, 10:27:24,"[{""code"":""002148.SZ"",""time"":1750731795000,""openTime"":1750731981000,""duration"":183000,""updatedTime"":1750731981000,""firstVol"":7.536162E7,""highestVol"":7.772922E7,""firstVolDivLTGB"":0.16772460761614794,""firstVolDivVol"":6.232879,""highestVolDivLTGB"":0.17299393145754086,""highestVolDivVol"":4.926374},{""code"":""002148.SZ"",""time"":1750732014000,""openTime"":1750732038000,""duration"":21000,""updatedTime"":1750732038000,""firstVol"":5.12956E7,""highestVol"":5.77599E7,""firstVolDivLTGB"":0.11416334179699002,""firstVolDivVol"":1.636644,""highestVolDivLTGB"":0.12855026953305865,""highestVolDivVol"":1.817461},{""code"":""002148.SZ"",""time"":1750732044000,""openTime"":null,""duration"":891000,""updatedTime"":1750732935000,""firstVol"":5.1112E7,""highestVol"":5.90329E7,""firstVolDivLTGB"":0.11375472215799705,""firstVolDivVol"":1.465891,""highestVolDivLTGB"":0.13138345472062968,""highestVolDivVol"":1.681464}]",1,四足机器人+低空经济+物联网+芯片概念,35570000,263569254,84.71420020054188,7.916449106198065,2,3329443500.000,首板涨停,放量涨停,33,002148
000691.SZ,*ST亚太,4.59,5.034324943,涨停, 09:55:42, 09:55:42,"[{""code"":""000691.SZ"",""time"":1750730142000,""openTime"":null,""duration"":2643000,""updatedTime"":1750732785000,""firstVol"":986750.0,""highestVol"":3096850.0,""firstVolDivLTGB"":0.003052402016889906,""firstVolDivVol"":0.197115,""highestVolDivLTGB"":0.009579763046369908,""highestVolDivVol"":0.601254}]",1,ST板块+精细化工+战略投资+股权变动,2262950,10386940.5,42.220397958898104,0.7000185603365607,0,1483809300.000,首板涨停,缩量涨停,33,000691
002921.SZ,联诚精密,14.7,10.02994012,涨停, 09:41:36, 09:41:36,"[{""code"":""002921.SZ"",""time"":1750729296000,""openTime"":null,""duration"":3636000,""updatedTime"":1750732932000,""firstVol"":3.909627E7,""highestVol"":3.909627E7,""firstVolDivLTGB"":0.33102068349355374,""firstVolDivVol"":19.830823,""highestVolDivLTGB"":0.33102068349355374,""highestVolDivVol"":19.830823}]",1,汽车零部件+减速器+新能源汽车,12595531,185154305.7,189.69947418034684,10.664396579479947,0,1736191100.000,首板涨停,放量涨停,33,002921
000572.SZ,海马汽车,4.28,10.025706941,涨停, 09:30:12, 09:30:12,"[{""code"":""000572.SZ"",""time"":1750728612000,""openTime"":null,""duration"":4323000,""updatedTime"":1750732935000,""firstVol"":1.22532E7,""highestVol"":1.009237E8,""firstVolDivLTGB"":0.007461213040925318,""firstVolDivVol"":0.409684,""highestVolDivLTGB"":0.06145441407782738,""highestVolDivVol"":2.637926}]",1,海南自贸区+汽车整车+网约车+氢能源,39995832,171138932.96,68.69587135151485,2.4354244058781225,0,7028843100.000,首板涨停,放量涨停,33,000572
600650.SH,锦江在线,16.61,10,涨停, 09:25:02, 09:25:02,"[{""code"":""600650.SH"",""time"":1750728302000,""openTime"":null,""duration"":4359000,""updatedTime"":1750732934000,""firstVol"":2.2079099E7,""highestVol"":2.8085399E7,""firstVolDivLTGB"":0.05653188949228873,""firstVolDivVol"":7.646439,""highestVolDivLTGB"":0.07191057355260903,""highestVolDivVol"":5.81948}]",1,无人驾驶+冷链物流+上海国资,18720499,310940844.39,228.72830331008194,4.793244419568488,0,6487202800.000,首板涨停,一字涨停||缩量涨停,17,600650
603389.SH,*ST亚振,15.41,4.972752044,涨停, 09:25:02, 09:25:02,"[{""code"":""603389.SH"",""time"":1750728302000,""openTime"":null,""duration"":4332000,""updatedTime"":1750732928000,""firstVol"":1910600.0,""highestVol"":2021940.0,""firstVolDivLTGB"":0.007271495554743637,""firstVolDivVol"":13.794946,""highestVolDivLTGB"":0.007695241139934235,""highestVolDivVol"":7.183756}]",3,控制权变更+要约收购+家具制造,1473260,22702936.6,225.53119833445595,0.560703629277798,0,4049008300.000,35天20板,一字涨停||缩量涨停,22,603389
605398.SH,新炬网络,31.85,10.017271157,涨停, 10:07:23, 10:11:44,"[{""code"":""605398.SH"",""time"":1750730843000,""openTime"":1750730897000,""duration"":51000,""updatedTime"":1750730897000,""firstVol"":1.20713E7,""highestVol"":1.25828E7,""firstVolDivLTGB"":0.07418613955267528,""firstVolDivVol"":2.798039,""highestVolDivLTGB"":0.07732964608313955,""highestVolDivVol"":2.879359},{""code"":""605398.SH"",""time"":1750730999000,""openTime"":1750731044000,""duration"":42000,""updatedTime"":1750731044000,""firstVol"":8210000.0,""highestVol"":9045300.0,""firstVolDivLTGB"":0.05045589172064848,""firstVolDivVol"":1.196118,""highestVolDivLTGB"":0.05558936387098437,""highestVolDivVol"":1.273238},{""code"":""605398.SH"",""time"":1750731104000,""openTime"":null,""duration"":1830000,""updatedTime"":1750732934000,""firstVol"":9414800.0,""highestVol"":1.10156E7,""firstVolDivLTGB"":0.05786018628155436,""firstVolDivVol"":1.115092,""highestVolDivLTGB"":0.06769816331765839,""highestVolDivVol"":1.295713}]",1,数据中心+蚂蚁金服概念+AI应用+IT运维,5194000,165428900,54.74298883439065,3.1923030932245613,2,5182516700.000,首板涨停,放量涨停,17,605398
300698.SZ,万马科技,52.54,20.009136592,涨停, 09:25:00, 09:25:00,"[{""code"":""300698.SZ"",""time"":1750728300000,""openTime"":null,""duration"":4383000,""updatedTime"":1750732929000,""firstVol"":2706900.0,""highestVol"":2.11739E7,""firstVolDivLTGB"":0.02283418505515621,""firstVolDivVol"":0.979129,""highestVolDivLTGB"":0.17861345115791943,""highestVolDivVol"":3.463353}]",1,无人驾驶+车联网+一季报增长,11498910,604152731.4,139.91171342391547,9.699960799164591,0,6228403800.000,首板涨停,一字涨停||缩量涨停,33,300698
000016.SZ,深康佳A,5.07,9.978308026,涨停, 09:34:36, 09:34:36,"[{""code"":""000016.SZ"",""time"":1750728876000,""openTime"":null,""duration"":4059000,""updatedTime"":1750732935000,""firstVol"":1.774938E8,""highestVol"":2.225228E8,""firstVolDivLTGB"":0.1111702926567797,""firstVolDivVol"":6.2681,""highestVolDivLTGB"":0.13937345867183,""highestVolDivVol"":6.305066}]",1,PCB+AI眼镜+国企+一季度扭亏,64311300,326047137,117.43717849688564,4.02803142540075,0,8094730600.000,首板涨停,放量涨停,33,000016
300801.SZ,泰和科技,25.97,20.009242144,涨停, 10:22:33, 10:22:33,"[{""code"":""300801.SZ"",""time"":1750731753000,""openTime"":null,""duration"":1179000,""updatedTime"":1750732932000,""firstVol"":1.5336956E7,""highestVol"":1.84871E7,""firstVolDivLTGB"":0.11204719774356153,""firstVolDivVol"":0.40592,""highestVolDivLTGB"":0.13506120441403083,""highestVolDivVol"":0.482803}]",2,光刻胶+固态电池+水处理,6316900,164049893,14.908964309517453,4.6149375627491125,0,3554758700.000,2天2板,放量涨停,33,300801
603920.SH,世运电路,29.54,10.018621974,涨停, 09:41:04, 10:21:31,"[{""code"":""603920.SH"",""time"":1750729264000,""openTime"":1750730125000,""duration"":858000,""updatedTime"":1750730125000,""firstVol"":2.246817E7,""highestVol"":2.323377E7,""firstVolDivLTGB"":0.031182107686549693,""firstVolDivVol"":0.571888,""highestVolDivLTGB"":0.03224463399130983,""highestVolDivVol"":0.590236},{""code"":""603920.SH"",""time"":1750731691000,""openTime"":null,""duration"":1242000,""updatedTime"":1750732933000,""firstVol"":532006.0,""highestVol"":2.8876E7,""firstVolDivLTGB"":7.383364280175268E-4,""firstVolDivVol"":0.008292,""highestVolDivLTGB"":0.04007511700137612,""highestVolDivVol"":0.448644}]",1,PCB+特斯拉+人形机器人+无人驾驶,19074940,563473727.6,28.67068646737388,2.648993545620399,1,21284954000.000,首板涨停,放量涨停,17,603920
002846.SZ,英联股份,16.4,9.993293092,涨停, 10:09:33, 10:12:42,"[{""code"":""002846.SZ"",""time"":1750730973000,""openTime"":1750731150000,""duration"":174000,""updatedTime"":1750731150000,""firstVol"":2.0491774E7,""highestVol"":2.0491974E7,""firstVolDivLTGB"":0.07972891527451048,""firstVolDivVol"":0.413343,""highestVolDivLTGB"":0.07972969342983538,""highestVolDivVol"":0.411411},{""code"":""002846.SZ"",""time"":1750731162000,""openTime"":null,""duration"":1770000,""updatedTime"":1750732932000,""firstVol"":1.5234104E7,""highestVol"":1.6732664E7,""firstVolDivLTGB"":0.05927249573897707,""firstVolDivVol"":0.274556,""highestVolDivLTGB"":0.06510305795744437,""highestVolDivVol"":0.300516}]",3,固态电池+复合集流体+金属包装产品,6783145,111218978,11.874075590678432,2.639170200685013,1,4215096800.000,3天3板,放量涨停,33,002846
603022.SH,新通联,11.29,10.038986355,涨停, 09:25:01, 09:25:01,"[{""code"":""603022.SH"",""time"":1750728301000,""openTime"":null,""duration"":4341000,""updatedTime"":1750732926000,""firstVol"":2.4506393E7,""highestVol"":3.3418093E7,""firstVolDivLTGB"":0.122531965,""firstVolDivVol"":7.068662,""highestVolDivLTGB"":0.167090465,""highestVolDivVol"":5.233264}]",3,包装+光伏+股权转让,29776393,336175476.97,397.2936594631456,14.888196500000001,0,2258000000.000,3天3板,一字涨停||放量涨停,17,603022
002217.SZ,合力泰,2.35,9.813084112,涨停, 09:25:00, 09:25:00,"[{""code"":""002217.SZ"",""time"":1750728300000,""openTime"":null,""duration"":4389000,""updatedTime"":1750732935000,""firstVol"":1.204407E8,""highestVol"":1.29799E8,""firstVolDivLTGB"":0.021202988770714186,""firstVolDivVol"":36.820758,""highestVolDivLTGB"":0.022850471140153875,""highestVolDivVol"":24.005289}]",1,摘帽+电子纸+国企改革,81818500,192323295,138.67139990785353,1.4403741731297466,0,13348856100.000,首板涨停,一字涨停||放量涨停,33,002217
600238.SH,*ST椰岛,5.8,5.072463768,涨停, 09:55:56, 09:57:08,"[{""code"":""600238.SH"",""time"":1750730156000,""openTime"":1750730222000,""duration"":63000,""updatedTime"":1750730222000,""firstVol"":1461400.0,""highestVol"":2140200.0,""firstVolDivLTGB"":0.003284033283657105,""firstVolDivVol"":0.296526,""highestVolDivLTGB"":0.004809421126100271,""highestVolDivVol"":0.431361},{""code"":""600238.SH"",""time"":1750730228000,""openTime"":null,""duration"":2703000,""updatedTime"":1750732931000,""firstVol"":458400.0,""highestVol"":2169400.0,""firstVolDivLTGB"":0.0010301087020859567,""firstVolDivVol"":0.074018,""highestVolDivLTGB"":0.004875038870648505,""highestVolDivVol"":0.33836}]",1,保健酒+国企改革+ST板块,1861500,10796700,27.491795659530617,0.41831312149498434,1,2581009200.000,首板涨停,缩量涨停,22,600238
600513.SH,联环药业,10.2,10.03236246,涨停, 09:37:36, 09:41:11,"[{""code"":""600513.SH"",""time"":1750729056000,""openTime"":1750729106000,""duration"":47000,""updatedTime"":1750729106000,""firstVol"":2.29925E7,""highestVol"":2.29925E7,""firstVolDivLTGB"":0.08054648790863833,""firstVolDivVol"":6.136734,""highestVolDivLTGB"":0.08054648790863833,""highestVolDivVol"":6.136734},{""code"":""600513.SH"",""time"":1750729271000,""openTime"":null,""duration"":3660000,""updatedTime"":1750732931000,""firstVol"":2.03939E7,""highestVol"":2.59991E7,""firstVolDivLTGB"":0.07144316710927387,""firstVolDivVol"":1.775249,""highestVolDivLTGB"":0.0910790994361413,""highestVolDivVol"":2.243892}]",1,创新药+一季报增长+国企改革,9130081,93126826.2,51.24184606625787,3.1984166961895775,1,2911654000.000,首板涨停,放量涨停,17,600513
300969.SZ,恒帅股份,67.19,20.003572066,涨停, 09:32:06, 09:46:12,"[{""code"":""300969.SZ"",""time"":1750728726000,""openTime"":1750728759000,""duration"":30000,""updatedTime"":1750728759000,""firstVol"":7962100.0,""highestVol"":7962100.0,""firstVolDivLTGB"":0.2622537704517164,""firstVolDivVol"":5.75589,""highestVolDivLTGB"":0.2622537704517164,""highestVolDivVol"":5.75589},{""code"":""300969.SZ"",""time"":1750729350000,""openTime"":1750729407000,""duration"":54000,""updatedTime"":1750729407000,""firstVol"":7473044.0,""highestVol"":8165004.0,""firstVolDivLTGB"":0.2461453593589099,""firstVolDivVol"":1.75146,""highestVolDivLTGB"":0.26893697451091375,""highestVolDivVol"":1.87138},{""code"":""300969.SZ"",""time"":1750729440000,""openTime"":1750729482000,""duration"":39000,""updatedTime"":1750729482000,""firstVol"":236540.0,""highestVol"":4108400.0,""firstVolDivLTGB"":0.007791098687864885,""firstVolDivVol"":0.048047,""highestVolDivLTGB"":0.13532150946657687,""highestVolDivVol"":0.826083},{""code"":""300969.SZ"",""time"":1750729572000,""openTime"":null,""duration"":3360000,""updatedTime"":1750732932000,""firstVol"":5816640.0,""highestVol"":6568360.0,""firstVolDivLTGB"":0.19158711537914264,""firstVolDivVol"":1.071514,""highestVolDivLTGB"":0.2163470913055897,""highestVolDivVol"":1.202554}]",1,无人驾驶+机器人+汽车零部件,3109825,208949141.75,47.771246113183366,10.243068181698408,3,2039907800.000,首板涨停,放量涨停,33,300969
002808.SZ,*ST恒久,4.35,5.072463768,涨停, 10:01:45, 10:05:39,"[{""code"":""002808.SZ"",""time"":1750730505000,""openTime"":1750730565000,""duration"":57000,""updatedTime"":1750730565000,""firstVol"":855900.0,""highestVol"":2272700.0,""firstVolDivLTGB"":0.004580408664713958,""firstVolDivVol"":0.227282,""highestVolDivLTGB"":0.012162512878017772,""highestVolDivVol"":0.597152},{""code"":""002808.SZ"",""time"":1750730574000,""openTime"":1750730604000,""duration"":27000,""updatedTime"":1750730604000,""firstVol"":95100.0,""highestVol"":1437600.0,""firstVolDivLTGB"":5.089342960793285E-4,""firstVolDivVol"":0.018413,""highestVolDivLTGB"":0.007693416866915276,""highestVolDivVol"":0.277754},{""code"":""002808.SZ"",""time"":1750730610000,""openTime"":1750730622000,""duration"":9000,""updatedTime"":1750730622000,""firstVol"":55400.0,""highestVol"":75600.0,""firstVolDivLTGB"":2.9647697163822083E-4,""firstVolDivVol"":0.00973,""highestVolDivLTGB"":4.04578683318583E-4,""highestVolDivVol"":0.01323},{""code"":""002808.SZ"",""time"":1750730625000,""openTime"":1750730670000,""duration"":42000,""updatedTime"":1750730670000,""firstVol"":96300.0,""highestVol"":110100.0,""firstVolDivLTGB"":5.153561799415283E-4,""firstVolDivVol"":0.016636,""highestVolDivLTGB"":5.892078443568252E-4,""highestVolDivVol"":0.018954},{""code"":""002808.SZ"",""time"":1750730724000,""openTime"":1750730727000,""duration"":0,""updatedTime"":1750730727000,""firstVol"":4600.0,""highestVol"":4600.0,""firstVolDivLTGB"":2.461722147176563E-5,""firstVolDivVol"":7.46E-4,""highestVolDivLTGB"":2.461722147176563E-5,""highestVolDivVol"":7.46E-4},{""code"":""002808.SZ"",""time"":1750730739000,""openTime"":null,""duration"":2193000,""updatedTime"":1750732932000,""firstVol"":5300.0,""highestVol"":1383700.0,""firstVolDivLTGB"":2.836332039138214E-5,""firstVolDivVol"":8.54E-4,""highestVolDivLTGB"":0.007404967250104805,""highestVolDivVol"":0.212442}]",1,激光OPC鼓+车联网合作+并购重组+ST板块,1273100,5537985,19.070944933788724,0.6813083620805397,5,812845590.000,首板涨停,缩量涨停,33,002808
000892.SZ,欢瑞世纪,4.63,9.976247031,涨停, 09:30:18, 09:45:27,"[{""code"":""000892.SZ"",""time"":1750728618000,""openTime"":1750728624000,""duration"":3000,""updatedTime"":1750728624000,""firstVol"":1470037.0,""highestVol"":2408237.0,""firstVolDivLTGB"":0.00206803828324764,""firstVolDivVol"":0.050077,""highestVolDivLTGB"":0.0033878918089364054,""highestVolDivVol"":0.07504},{""code"":""000892.SZ"",""time"":1750728654000,""openTime"":1750728663000,""duration"":6000,""updatedTime"":1750728663000,""firstVol"":5.5368537E7,""highestVol"":5.5368537E7,""firstVolDivLTGB"":0.07789208992931024,""firstVolDivVol"":1.042145,""highestVolDivLTGB"":0.07789208992931024,""highestVolDivVol"":1.042145},{""code"":""000892.SZ"",""time"":1750729527000,""openTime"":null,""duration"":3408000,""updatedTime"":1750732935000,""firstVol"":8.3620604E7,""highestVol"":1.04826804E8,""firstVolDivLTGB"":0.11763691005076113,""firstVolDivVol"":0.617824,""highestVolDivLTGB"":0.14746965129618972,""highestVolDivVol"":0.763277}]",2,短剧+影视制作+艺人经纪,47158204,218328594.52,32.905696956435065,6.634184802233004,2,3291172800.000,2天2板,放量涨停,33,000892
002005.SZ,ST德豪,2.18,4.807692308,涨停, 09:37:33, 10:05:36,"[{""code"":""002005.SZ"",""time"":1750729053000,""openTime"":1750730637000,""duration"":1581000,""updatedTime"":1750730637000,""firstVol"":5632199.0,""highestVol"":1.0633699E7,""firstVolDivLTGB"":0.0032147380109802917,""firstVolDivVol"":0.454089,""highestVolDivLTGB"":0.006069486602412862,""highestVolDivVol"":0.840283},{""code"":""002005.SZ"",""time"":1750730736000,""openTime"":null,""duration"":2196000,""updatedTime"":1750732932000,""firstVol"":3370500.0,""highestVol"":1.15337E7,""firstVolDivLTGB"":0.0019238088828198495,""firstVolDivVol"":0.137069,""highestVolDivLTGB"":0.006583187809458329,""highestVolDivVol"":0.466572}]",1,汽车LED封装+华为汽车+一季报扭亏+ST板块,7346580,16015544.4,28.337906989186195,0.41932698004292096,1,3819345100.000,3天2板,放量涨停,33,002005
603258.SH,电魂网络,24.13,9.981768459,涨停, 09:45:22, 09:58:49,"[{""code"":""603258.SH"",""time"":1750729522000,""openTime"":1750729804000,""duration"":279000,""updatedTime"":1750729804000,""firstVol"":1.43119E7,""highestVol"":1.48926E7,""firstVolDivLTGB"":0.05932419602240756,""firstVolDivVol"":2.789279,""highestVolDivLTGB"":0.06173125313084264,""highestVolDivVol"":2.766167},{""code"":""603258.SH"",""time"":1750729810000,""openTime"":1750730092000,""duration"":279000,""updatedTime"":1750730092000,""firstVol"":7251500.0,""highestVol"":8210500.0,""firstVolDivLTGB"":0.030058161911171014,""firstVolDivVol"":0.625303,""highestVolDivLTGB"":0.03403330874600698,""highestVolDivVol"":0.704264},{""code"":""603258.SH"",""time"":1750730275000,""openTime"":1750730308000,""duration"":30000,""updatedTime"":1750730308000,""firstVol"":6118100.0,""highestVol"":6967200.0,""firstVolDivLTGB"":0.025360110375609923,""firstVolDivVol"":0.398494,""highestVolDivLTGB"":0.028879711186307753,""highestVolDivVol"":0.450527},{""code"":""603258.SH"",""time"":1750730329000,""openTime"":null,""duration"":2604000,""updatedTime"":1750732933000,""firstVol"":5371500.0,""highestVol"":6887300.0,""firstVolDivLTGB"":0.022265381880418548,""firstVolDivVol"":0.330988,""highestVolDivLTGB"":0.028548518035000775,""highestVolDivVol"":0.423147}]",1,电子竞技+游戏储备+AIGC+游戏出海,4566100,110179993,25.837801800107275,1.89269217544781,3,5821337200.000,首板涨停,放量涨停,17,603258
002265.SZ,建设工业,24.44,9.9909991,涨停, 10:18:06, 10:18:06,"[{""code"":""002265.SZ"",""time"":1750731486000,""openTime"":null,""duration"":1446000,""updatedTime"":1750732932000,""firstVol"":4.26033E7,""highestVol"":5.16137E7,""firstVolDivLTGB"":0.10568993904135116,""firstVolDivVol"":1.67614,""highestVolDivLTGB"":0.12804287007575907,""highestVolDivVol"":1.947363}]",1,兵装重组+机器人+无人驾驶+军工,24895600,608245612,66.26441935042631,6.176081304494867,0,9851691300.000,首板涨停,放量涨停,33,002265
603398.SH,*ST沐邦,4.94,5.106382979,涨停, 10:24:44, 10:24:44,"[{""code"":""603398.SH"",""time"":1750731884000,""openTime"":null,""duration"":1050000,""updatedTime"":1750732934000,""firstVol"":5633505.0,""highestVol"":6920905.0,""firstVolDivLTGB"":0.012991156723266197,""firstVolDivVol"":0.219698,""highestVolDivLTGB"":0.015959968353953115,""highestVolDivVol"":0.268079}]",1,光伏+ST板块+机器人概念,4995805,24679276.7,18.49867677088328,1.1515975116811,0,2142189100.000,首板涨停,缩量涨停,22,603398
603776.SH,永安行,20.01,10.005497526,涨停, 09:25:01, 09:25:01,"[{""code"":""603776.SH"",""time"":1750728301000,""openTime"":null,""duration"":4338000,""updatedTime"":1750732933000,""firstVol"":1.78221E7,""highestVol"":1.975964E7,""firstVolDivLTGB"":0.07407277732977756,""firstVolDivVol"":18.963716,""highestVolDivLTGB"":0.08212564253575987,""highestVolDivVol"":13.859995}]",1,共享出行+无人驾驶+氢能产业,15455714,309268837.14,754.8261220774122,6.423752877577421,0,4814457300.000,首板涨停,一字涨停||缩量涨停,17,603776
002125.SZ,湘潭电化,14.87,9.985207101,涨停, 09:36:06, 09:36:57,"[{""code"":""002125.SZ"",""time"":1750728966000,""openTime"":1750728981000,""duration"":12000,""updatedTime"":1750728981000,""firstVol"":1.1362244E7,""highestVol"":1.5897244E7,""firstVolDivLTGB"":0.018050157399886215,""firstVolDivVol"":0.175037,""highestVolDivLTGB"":0.025254496948348998,""highestVolDivVol"":0.244654},{""code"":""002125.SZ"",""time"":1750729017000,""openTime"":null,""duration"":3918000,""updatedTime"":1750732935000,""firstVol"":6088200.0,""highestVol"":2.96106E7,""firstVolDivLTGB"":0.00967176627099253,""firstVolDivVol"":0.078318,""highestVolDivLTGB"":0.04703965085638635,""highestVolDivVol"":0.366704}]",4,固态电池+锰酸锂+国企改革+可转债发行,20322530,302170742.1,24.22654925946084,3.228454390381949,1,9360393100.000,4天4板,放量涨停,33,002125
002425.SZ,ST凯文,3.24,4.854368932,涨停, 09:57:30, 09:57:30,"[{""code"":""002425.SZ"",""time"":1750730250000,""openTime"":null,""duration"":2679000,""updatedTime"":1750732929000,""firstVol"":3001500.0,""highestVol"":6095100.0,""firstVolDivLTGB"":0.003139444366231156,""firstVolDivVol"":0.15499,""highestVolDivLTGB"":0.006375221508117781,""highestVolDivVol"":0.313067}]",1,游戏+IP储备+新游规划+摘帽预期,4240600,13739544,19.872906376238365,0.44354915140562523,0,3097637300.000,首板涨停,缩量涨停,33,002425
002689.SZ,远大智能,4.03,10.109289617,涨停, 10:41:54, 10:41:54,"[{""code"":""002689.SZ"",""time"":1750732914000,""openTime"":null,""duration"":21000,""updatedTime"":1750732935000,""firstVol"":1.441878E8,""highestVol"":1.45638E8,""firstVolDivLTGB"":0.13825506448234434,""firstVolDivVol"":8.73974,""highestVolDivLTGB"":0.139645594711062,""highestVolDivVol"":8.734777}]",0,,134696400,534125319,768.9401090394209,12.915419659319058,0,4046496700.000,,,33,002689
603151.SH,邦基科技,22.31,10.009861933,涨停, 10:11:30, 10:11:30,"[{""code"":""603151.SH"",""time"":1750731090000,""openTime"":null,""duration"":1832000,""updatedTime"":1750732922000,""firstVol"":1.0988591E7,""highestVol"":1.0988591E7,""firstVolDivLTGB"":0.13594357432699922,""firstVolDivVol"":1.238004,""highestVolDivLTGB"":0.13594357432699922,""highestVolDivVol"":1.238004}]",1,并购重组+猪饲料,3709491,82758744.21,39.38243060521797,4.589136728028503,0,1803361900.000,首板涨停,放量涨停,17,603151
603959.SH,ST百利,5.5,4.961832061,涨停, 09:30:45, 09:39:30,"[{""code"":""603959.SH"",""time"":1750728645000,""openTime"":1750728771000,""duration"":123000,""updatedTime"":1750728771000,""firstVol"":176862.0,""highestVol"":3862162.0,""firstVolDivLTGB"":3.607227485387121E-4,""firstVolDivVol"":0.037536,""highestVolDivLTGB"":0.007877156720730112,""highestVolDivVol"":0.711429},{""code"":""603959.SH"",""time"":1750728777000,""openTime"":1750728807000,""duration"":27000,""updatedTime"":1750728807000,""firstVol"":10000.0,""highestVol"":2341400.0,""firstVolDivLTGB"":2.0395718047896784E-5,""firstVolDivVol"":0.001252,""highestVolDivLTGB"":0.0047754534237345525,""highestVolDivVol"":0.287988},{""code"":""603959.SH"",""time"":1750729170000,""openTime"":null,""duration"":3753000,""updatedTime"":1750732923000,""firstVol"":583144.0,""highestVol"":3471844.0,""firstVolDivLTGB"":0.0011893640605322722,""firstVolDivVol"":0.041967,""highestVolDivLTGB"":0.007081075133028215,""highestVolDivVol"":0.245153}]",1,固态电池+氢能源+智能装备制造,2237644,12307042,13.760163879000997,0.45638356115567946,2,2696644500.000,16天9板,缩量涨停,22,603959
000903.SZ,云内动力,4.51,10,涨停, 09:45:09, 09:56:18,"[{""code"":""000903.SZ"",""time"":1750729509000,""openTime"":1750729536000,""duration"":24000,""updatedTime"":1750729536000,""firstVol"":1.9189121E8,""highestVol"":2.2580221E8,""firstVolDivLTGB"":0.09992972061898932,""firstVolDivVol"":1.2019,""highestVolDivLTGB"":0.11758929322739876,""highestVolDivVol"":1.397494},{""code"":""000903.SZ"",""time"":1750729581000,""openTime"":1750729596000,""duration"":12000,""updatedTime"":1750729596000,""firstVol"":1.515303E8,""highestVol"":1.515303E8,""firstVolDivLTGB"":0.07891127761564293,""firstVolDivVol"":0.786184,""highestVolDivLTGB"":0.07891127761564293,""highestVolDivVol"":0.786184},{""code"":""000903.SZ"",""time"":1750729815000,""openTime"":1750729830000,""duration"":12000,""updatedTime"":1750729830000,""firstVol"":1.085143E8,""highestVol"":1.085143E8,""firstVolDivLTGB"":0.05651016366078046,""firstVolDivVol"":0.431799,""highestVolDivLTGB"":0.05651016366078046,""highestVolDivVol"":0.431799},{""code"":""000903.SZ"",""time"":1750730178000,""openTime"":null,""duration"":2757000,""updatedTime"":1750732935000,""firstVol"":1.418232E8,""highestVol"":1.639737E8,""firstVolDivLTGB"":0.07385618524835529,""firstVolDivVol"":0.480846,""highestVolDivLTGB"":0.0853913320462254,""highestVolDivVol"":0.554583}]",1,无人配送车+柴油机+配送机器人+昆明国企,67376860,303855206.6,22.015225456641986,3.508733305702099,3,8660380000.000,首板涨停,放量涨停,33,000903
600289.SH,*ST信通,7.13,5.00736377,涨停, 09:44:05, 09:44:56,"[{""code"":""600289.SH"",""time"":1750729445000,""openTime"":1750729478000,""duration"":30000,""updatedTime"":1750729478000,""firstVol"":185100.0,""highestVol"":1913700.0,""firstVolDivLTGB"":3.270764809985952E-4,""firstVolDivVol"":0.030059,""highestVolDivLTGB"":0.0033815573294814242,""highestVolDivVol"":0.307847},{""code"":""600289.SH"",""time"":1750729496000,""openTime"":null,""duration"":3438000,""updatedTime"":1750732934000,""firstVol"":1039300.0,""highestVol"":2729000.0,""firstVolDivLTGB"":0.0018364699443643435,""firstVolDivVol"":0.146895,""highestVolDivLTGB"":0.004822213488088419,""highestVolDivVol"":0.365911}]",3,AI应用+通信服务+ST板块,2177388,15524776.44,27.38125418756677,0.3847500836350995,1,4035028700.000,6天5板,缩量涨停,22,600289
603390.SH,通达电气,14.09,9.992193599,涨停, 09:30:02, 09:30:02,"[{""code"":""603390.SH"",""time"":1750728602000,""openTime"":null,""duration"":4332000,""updatedTime"":1750732934000,""firstVol"":5925500.0,""highestVol"":1.87726E7,""firstVolDivLTGB"":0.01694184646512755,""firstVolDivVol"":2.808959,""highestVolDivLTGB"":0.05367353083305265,""highestVolDivVol"":2.147821}]",1,自动驾驶物流车+车联网+比亚迪概念,12829800,180771882,104.23088177916505,3.6662493129302858,0,4928051700.000,首板涨停,缩量涨停,17,603390
002453.SZ,华软科技,5.98,9.926470588,涨停, 09:35:15, 09:35:15,"[{""code"":""002453.SZ"",""time"":1750728915000,""openTime"":null,""duration"":4020000,""updatedTime"":1750732935000,""firstVol"":8.27538E7,""highestVol"":8.81494E7,""firstVolDivLTGB"":0.13505022599792949,""firstVolDivVol"":15.449518,""highestVolDivLTGB"":0.1438555859861648,""highestVolDivVol"":12.287857}]",1,光刻胶+精细化工+一季报减亏,25143726,150355893.48,113.73130496424643,4.10333528941271,0,3664323600.000,首板涨停,放量涨停,33,002453
002210.SZ,飞马国际,2.67,9.87654321,涨停, 09:36:09, 09:36:09,"[{""code"":""002210.SZ"",""time"":1750728969000,""openTime"":null,""duration"":3963000,""updatedTime"":1750732932000,""firstVol"":3.324172E8,""highestVol"":3.456402E8,""firstVolDivLTGB"":0.1251449843886585,""firstVolDivVol"":2.822725,""highestVolDivLTGB"":0.13012304246920078,""highestVolDivVol"":2.920039}]",1,控制权或变更+垃圾焚烧发电,143293800,382594446,88.67698730756479,5.3945765634243825,0,7092205300.000,首板涨停,放量涨停,33,002210
002199.SZ,*ST东晶,9.02,5.005820722,涨停, 09:36:24, 09:36:24,"[{""code"":""002199.SZ"",""time"":1750728984000,""openTime"":null,""duration"":3942000,""updatedTime"":1750732926000,""firstVol"":2856800.0,""highestVol"":4372700.0,""firstVolDivLTGB"":0.011735015897787682,""firstVolDivVol"":0.715022,""highestVolDivLTGB"":0.01796195183991046,""highestVolDivVol"":0.828461}]",1,控制权变更推进+石英晶体元器件+ST板块+一季度减亏,2721900,24551538,42.18953437906876,1.1180880625941017,0,2195850100.000,14天10板,缩量涨停,33,002199
603226.SH,菲林格尔,12.46,9.973521624,涨停, 10:35:39, 10:35:39,"[{""code"":""603226.SH"",""time"":1750732539000,""openTime"":null,""duration"":390000,""updatedTime"":1750732929000,""firstVol"":2.336614E7,""highestVol"":2.361634E7,""firstVolDivLTGB"":0.06572906033802133,""firstVolDivVol"":2.57707,""highestVolDivLTGB"":0.06643287410001081,""highestVolDivVol"":2.603286}]",1,,13998848,174425646.08,140.93792240809438,3.9378824438045354,0,4429427500.000,首板涨停,缩量涨停,17,603226
603928.SH,兴业股份,16.62,9.993381866,涨停, 09:25:00, 09:25:00,"[{""code"":""603928.SH"",""time"":1750728300000,""openTime"":null,""duration"":4359000,""updatedTime"":1750732935000,""firstVol"":8029990.0,""highestVol"":1.3146728E7,""firstVolDivLTGB"":0.030639461233211235,""firstVolDivVol"":3.766924,""highestVolDivLTGB"":0.05016303418803419,""highestVolDivVol"":2.949832}]",4,酚醛树脂（固态电池材料）+光刻胶+大飞机+铸造材料,9413648,156458153.76,154.9328895290812,3.591898656898657,0,4355769600.000,4天4板,一字涨停||缩量涨停,17,603928
600113.SH,浙江东日,25.04,10.017574692,涨停, 10:04:37, 10:09:40,"[{""code"":""600113.SH"",""time"":1750730677000,""openTime"":1750730947000,""duration"":267000,""updatedTime"":1750730947000,""firstVol"":2990421.0,""highestVol"":5434421.0,""firstVolDivLTGB"":0.007268338645036025,""firstVolDivVol"":0.16067,""highestVolDivLTGB"":0.013208579048801263,""highestVolDivVol"":0.290326},{""code"":""600113.SH"",""time"":1750730980000,""openTime"":null,""duration"":1953000,""updatedTime"":1750732933000,""firstVol"":2827880.0,""highestVol"":3127989.0,""firstVolDivLTGB"":0.006873276200081686,""firstVolDivVol"":0.139011,""highestVolDivLTGB"":0.007602703207992317,""highestVolDivVol"":0.15298}]",3,脑机接口+农批市场+特医食品+国企改革,2172469,54398623.76,10.375668559594512,0.5280273375502235,1,10302236200.000,6天5板,放量涨停,17,600113
601177.SH,杭齿前进,17.68,10.018668326,涨停, 10:16:56, 10:16:56,"[{""code"":""601177.SH"",""time"":1750731416000,""openTime"":null,""duration"":1518000,""updatedTime"":1750732934000,""firstVol"":2.61322E7,""highestVol"":2.68672E7,""firstVolDivLTGB"":0.0653207018947158,""firstVolDivVol"":1.092218,""highestVolDivLTGB"":0.06715792631105334,""highestVolDivVol"":1.116183}]",1,人形机器人+齿轮传动+杭州国资,15833100,279929208,57.55848612181398,3.9581062840573917,0,7073060800.000,首板涨停,放量涨停,17,601177
